{
  "features": [
    "round",
    "em_diff",
    "off_diff",
    "def_diff",
    "seed_diff",
    "net_diff",
    "sos_diff",
    "win_pct_diff",
    "road_win_pct_diff",
    "barthag_diff",
    "tempo_diff",
    "exp_diff",
    "talent_diff",
    "efg_diff",
    "efg_d_diff",
    "tov_diff",
    "tov_d_diff",
    "three_pt_diff",
    "three_pt_d_diff",
    "ftr_diff",
    "wab_diff",
    "coach_pake_diff",
    "conf_tourney_wins_diff",
    "conf_tourney_champ_diff",
    "last10_win_pct_diff",
    "close_game_pct_diff"
  ],
  "coefficients": [
    0.2559526733883927,
    0.2971961427811031,
    0.31500818563104427,
    0.11056975413735827,
    0.15311002097986115,
    0.2408419596522896,
    0.47625155811090514,
    0.06754326590379613,
    0.19531525751052264,
    0.12910390735851504,
    -0.2537236506296982,
    0.04772738271262529,
    0.05622483869088839,
    0.2669065832447781,
    0.07916912287847676,
    0.0660602135291786,
    0.25502724795685605,
    -0.12027254522354994,
    0.036210617425322236,
    0.12213536066571234,
    -0.01499897494885112,
    0.7030554237678412,
    -0.08936100061617847,
    -0.10164737826571053,
    0.012786102685348912,
    -0.0826833713916209
  ],
  "intercept": 1.2185497203714726,
  "classes": [
    0,
    1
  ],
  "scaler_mean": [
    1.9449685534591195,
    10.19353670403459,
    5.814358432273584,
    4.379225698061322,
    -6.334905660377358,
    -48.05503144654088,
    7.93100467853302,
    0.07476312748254715,
    0.0854874225283019,
    0.13832075705298744,
    0.34975110360691825,
    -0.12516824197955975,
    24.15723904586006,
    1.0180816730786164,
    1.139779765701258,
    0.5308175906132075,
    -0.008490505525157229,
    0.6067611452169811,
    0.583018787836478,
    0.06635214355974846,
    0.9221069130424527,
    0.5061320623962264,
    -0.28144654088050314,
    -0.17452830188679244,
    0.01839622587106918,
    0.015580189305031446
  ],
  "scaler_scale": [
    1.224150263217569,
    9.58641745063104,
    6.820950254003274,
    6.324106293891204,
    4.230330936684189,
    58.280295842502184,
    11.04934891491301,
    0.13354431738396452,
    0.24872630880262966,
    0.16510259051087772,
    4.0183991700766155,
    0.5646066207585462,
    32.936238893902114,
    3.8733531640268986,
    3.2147907166144374,
    2.443614464906919,
    3.654822398166792,
    3.642404202633442,
    2.9660704287820967,
    12.35251357212309,
    1.6009865158349783,
    4.162237783811358,
    1.6409754487020065,
    0.6886630910485824,
    0.23670551024026376,
    0.26860471808166186
  ],
  "labels": {
    "round": "Tournament Round",
    "em_diff": "KenPom Efficiency Margin",
    "off_diff": "Offensive Rating",
    "def_diff": "Defensive Rating",
    "seed_diff": "Seed Difference",
    "net_diff": "NET Ranking",
    "sos_diff": "Strength of Schedule",
    "win_pct_diff": "Win Percentage",
    "road_win_pct_diff": "Road Win %",
    "barthag_diff": "Barthag (Power Rating)",
    "tempo_diff": "Tempo",
    "exp_diff": "Experience",
    "talent_diff": "Talent Rating",
    "efg_diff": "Effective FG%",
    "efg_d_diff": "Defensive eFG%",
    "tov_diff": "Turnover %",
    "tov_d_diff": "Defensive Turnover %",
    "three_pt_diff": "3-Point %",
    "three_pt_d_diff": "3-Point Defense %",
    "ftr_diff": "Free Throw Rate",
    "wab_diff": "Wins Above Bubble",
    "coach_pake_diff": "Coach PAKE",
    "conf_tourney_wins_diff": "Conference Tourney Wins",
    "conf_tourney_champ_diff": "Conference Tourney Champ",
    "last10_win_pct_diff": "Last 10 Games Win %",
    "close_game_pct_diff": "Close Game Win %"
  },
  "explanations": {
    "Betting Spread": "Vegas point spread \u2014 the single strongest predictor. Incorporates injury news, matchup context, and public/sharp money that pure stats miss.",
    "Coach PAKE": "Coaching quality measured by historical post-season performance. Tournament experience matters.",
    "Strength of Schedule": "How tough a team's regular season opponents were. Battle-tested teams fare better.",
    "Barthag (Power Rating)": "Barttorvik's power rating \u2014 estimated probability of beating an average D1 team.",
    "Effective FG%": "Shooting efficiency adjusted for 3-pointers being worth more. Better shooters advance.",
    "Offensive Rating": "Points scored per 100 possessions. Efficient offenses win tournament games.",
    "KenPom Efficiency Margin": "The gap between a team's offensive and defensive efficiency \u2014 the gold standard power rating.",
    "Defensive Rating": "Points allowed per 100 possessions. Tournament games are lower-scoring \u2014 defense travels.",
    "Tempo": "Pace of play. Faster-tempo teams tend to underperform in March \u2014 the model penalizes this.",
    "Tournament Round": "Later rounds favor stronger teams \u2014 upsets are more common early.",
    "3-Point Defense %": "How well a team defends the three-point line. Limiting threes matters in single-elimination.",
    "Seed Difference": "Higher seeds (lower numbers) win more often, but carries less weight than you'd think.",
    "Road Win %": "Winning away from home. Tournament games are on neutral courts \u2014 road warriors adapt.",
    "Defensive Turnover %": "How often a team forces turnovers. Disruptive defenses create extra possessions.",
    "Close Game Win %": "Win percentage in games decided by 5 or fewer points. Clutch play under pressure.",
    "Win Percentage": "Overall regular season win rate. A baseline signal for team quality."
  }
}